year,Afghanistan,Albania,Algeria,
2010,506.922384,3509.842739,3483.236046
2011,568.5774105,3753.965485,4120.890187
2012,607.6121178,3522.372857,4325.00903
2013,598.8995846,3757.696946,4255.886501
2014,577.2601844,3844.277141,4214.845236
2015,550.24136,3277.788243,3359.117637
2016,485.7922294,3467.34757,3297.743306
2017,498.0412212,3729.968219,3339.934931
2018,467.2860344,4340.919854,3216.434855
2019,469.4777601,4361.999293,3140.907179
2020,476.8990597,4322.549675,2726.422747
